{"cameraMode":{"drawMode":0,"name":"Shaded","section":"Shading Mode"},"sceneLighting":true,"audioPlay":false,"sceneViewState":{"showFog":true,"showMaterialUpdate":false,"showSkybox":true,"showFlares":true,"showImageEffects":true,"showParticleSystems":true},"in2DMode":false,"pivot":{"x":-66.42630004882813,"y":-9.287456512451172,"z":-141.8589630126953},"rotation":{"x":-0.13555483520030976,"y":0.5485048890113831,"z":-0.09066234529018402,"w":-0.8200981616973877},"size":92.7955093383789,"orthographic":false}