{"cameraMode":{"drawMode":0,"name":"Shaded","section":"Shading Mode"},"sceneLighting":true,"audioPlay":false,"sceneViewState":{"showFog":false,"showMaterialUpdate":false,"showSkybox":false,"showFlares":false,"showImageEffects":false,"showParticleSystems":false},"in2DMode":false,"pivot":{"x":-49.61484146118164,"y":-90.41127014160156,"z":-94.98079681396485},"rotation":{"x":0.1046384945511818,"y":-0.8869802951812744,"z":0.3758937418460846,"w":0.24724307656288148},"size":139.7976531982422,"orthographic":false}