{"cameraMode":{"drawMode":0,"name":"Shaded","section":"Shading Mode"},"sceneLighting":true,"audioPlay":false,"sceneViewState":{"showFog":false,"showMaterialUpdate":false,"showSkybox":false,"showFlares":false,"showImageEffects":false,"showParticleSystems":false},"in2DMode":false,"pivot":{"x":-268.43658447265627,"y":-50.82719802856445,"z":268.6181945800781},"rotation":{"x":0.06528574228286743,"y":-0.42575308680534365,"z":0.030952339991927148,"w":0.9020196795463562},"size":269.54547119140627,"orthographic":false}