{"cameraMode":{"drawMode":0,"name":"Shaded","section":"Shading Mode"},"sceneLighting":true,"audioPlay":false,"sceneViewState":{"showFog":false,"showMaterialUpdate":false,"showSkybox":false,"showFlares":false,"showImageEffects":false,"showParticleSystems":false},"in2DMode":false,"pivot":{"x":28.2913818359375,"y":5.90338134765625,"z":74.55181121826172},"rotation":{"x":0.15284794569015504,"y":-0.49357911944389346,"z":0.08859291672706604,"w":0.8516010642051697},"size":125.14259338378906,"orthographic":false}