{"cameraMode":{"drawMode":0,"name":"Shaded","section":"Shading Mode"},"sceneLighting":true,"audioPlay":false,"sceneViewState":{"showFog":true,"showMaterialUpdate":false,"showSkybox":true,"showFlares":true,"showImageEffects":true,"showParticleSystems":true},"in2DMode":false,"pivot":{"x":-53.56361389160156,"y":-36.52388000488281,"z":-48.000911712646487},"rotation":{"x":-0.1981630176305771,"y":0.8017252087593079,"z":-0.3911479413509369,"w":-0.40616679191589358},"size":186.54232788085938,"orthographic":false}